,Name
0,Mary
1,Catherine
2,Margaret
3,Ann
4,Anne
5,Elizabeth
6,Caroline
7,Bridget
8,Geraldine
9,Patricia
10,Jacqueline
11,Pauline
12,Helen
13,Deirdre
14,Bernadette
15,Sandra
16,Eileen
17,Martina
18,Teresa
19,Paula
20,Carmel
21,Susan
22,Kathleen
23,Angela
24,Josephine
25,Marie
26,Ellen
27,Linda
28,Brigid
29,Nora
30,Joan
31,Fiona
32,Maria
33,Anna
34,Siobhan
35,Carol
36,Sheila
37,Frances
38,Sharon
39,Christina
40,Karen
41,Julia
42,Barbara
43,Johanna
44,Yvonne
45,Sarah
46,Lorraine
47,Colette
48,Rose
49,Valerie
50,Veronica
51,Orla
52,Miriam
53,Louise
54,Clare
55,Denise
56,Alice
57,Elaine
58,Jane
59,Rita
60,Theresa
61,Grainne
62,Helena
63,Brenda
64,Christine
65,Noreen
66,Suzanne
67,Jennifer
68,Annette
69,Monica
70,Rosemary
71,Philomena
72,Olive
73,Adrienne
74,Claire
75,Deborah
76,Katherine
77,Jean
78,Marian
79,Maeve
80,Dolores
81,Rosaleen
82,Edel
83,Evelyn
84,Irene
85,Audrey
86,Ruth
87,Una
88,Imelda
89,Nuala
90,Hannah
91,Maureen
92,Jacinta
93,Winifred
94,Dorothy
95,Antoinette
96,Majella
97,Eleanor
98,Ursula
99,Aileen
100,Agnes
101,Esther
102,Regina
103,Noeleen
104,Michele
105,Janet
106,Gillian
107,Emer
108,Niamh
109,Sinead
110,Dympna
111,Annie
112,Maire
113,Michelle
114,Mairead
115,Martha
116,Pamela
117,Grace
118,Gabrielle
119,Amanda
120,Sylvia
121,Ita
122,June
123,Shirley
124,Fidelma
125,Eithne
126,Anastasia
127,Therese
128,Hilary
129,Anita
130,Laura
131,Breda
132,Aine
133,Judith
134,Fionnuala
135,Norah
136,Concepta
137,Celine
138,Marcella
139,Stephanie
140,Madeline
141,Noelle
142,Georgina
143,Marion
144,Cora
145,Ciara
146,Alison
147,Florence
148,Clodagh
149,Gemma
150,Lorna
151,Joyce
152,Finola
153,Lucy
154,Roisin
155,Aisling
156,Hazel
157,Julie
158,Assumpta
159,Gertrude
160,Loraine
161,Carole
162,Jeanette
163,Vivienne
164,Maura
165,Hanora
166,Heather
167,Kathryn
168,Catriona
169,Cecilia
170,Olivia
171,Charlotte
172,Aideen
173,Caitriona
174,Brid
175,Donna
176,Doreen
177,Susanne
178,Sara
179,Emily
180,Rachel
181,Nicola
182,Joanne
183,Collette
184,Loretta
185,Belinda
186,Gwendoline
187,Oonagh
188,Eilish
189,Rosanna
190,Cecelia
191,Gerardine
192,Hilda
193,Avril
194,Lilian
195,Susanna
196,Vivian
197,Carolyn
198,Jacintha
199,Lynda
200,Marina
201,Ingrid
202,Janette
203,Lesley
204,Norma
205,Aoife
206,Kim
207,Sally
208,Wendy
209,Rosemarie
210,Violet
211,Graine
212,Marguerite
213,Rosarie
214,Rebecca
215,Diane
216,Moira
217,Cathriona
218,Muriel
219,Siobhain
220,Nula
221,Alexandra
222,Lisa
223,Dora
224,Ethel
225,Cliona
226,Diana
227,Joanna
228,Katrina
229,Eilis
230,Doris
231,Ethna
232,Loreto
233,Isobel
234,Juliet
235,Beatrice
236,Delia
237,Honor
238,Roberta
239,Daphne
240,Eimer
241,Janice
242,Jude
243,Raphael
244,Emma
245,Rachael
246,Hanna
247,Tracy
248,Edith
249,Darina
250,Gail
251,Karin
252,Sheelagh
253,Verona
254,Virginia
255,Camillus
256,Eva
257,Lucia
258,Louisa
259,Robin
260,Genevieve
261,Nell
262,Leonie
263,Cynthia
264,Sabina
265,Bernice
266,Rhona
267,Anastatia
268,Attracta
269,Fionnula
270,Hanorah
271,Mildred
272,Finula
273,Carla
274,Ashling
275,Natalie
276,Jill
277,Stella
278,Aislinn
279,Dawn
280,Orlagh
281,Gloria
282,Derval
283,Penelope
284,Brona
285,Mandy
286,Sonia
287,Breeda
288,Brighid
289,Catherina
290,Deborrah
291,Debra
292,Dervilla
293,Finnula
294,Loretto
295,Noleen
296,Rosalind
297,Shelia
298,Tracey
299,Kate
300,Amelia
301,Eimear
302,Isabella
303,Eve
304,Claudia
305,Nessa
306,Lillian
307,Olga
308,Eunice
309,Marianne
310,Suzanna
311,Averil
312,Caron
313,Celene
314,Finnuala
315,Honora
316,Margarita
317,Nichola
318,Noeline
319,Thelma
320,Antonette
321,Cecil
322,Fionuala
323,Fionula
324,Gobnait
325,Rosanne
326,Tara
327,Victoria
328,Clara
329,Alicia
330,Ailish
331,Blaithin
332,Angelina
333,Madeleine
334,Elsie
335,Orna
336,Sheena
337,Eanna
338,Iris
339,Tanya
340,Jillian
341,Carmen
342,Ailis
343,Alma
344,Bridie
345,Ina
346,Sonya
347,Vivien
348,Clair
349,Freda
350,Gladys
351,Hanoria
352,Honoria
353,Jeanne
354,Mairin
355,Margaretta
356,Margarite
357,Marjorie
358,Mercedes
359,Naoimh
360,Nellie
361,Rhoda
362,Rhonda
363,Rosario
364,Annetta
365,Fionna
366,Helene
367,Jan
368,Karon
369,Margt
370,Phyllis
371,Nicole
372,Ailbhe
373,Naomi
374,Melissa
375,Moya
376,Ashley
377,Lena
378,Juliette
379,Sadie
380,Erika
381,Ada
382,Cathy
383,Pearl
384,Bronwyn
385,Valeria
386,Carolina
387,Gina
388,Olwyn
389,Allison
390,Juliana
391,Eibhlin
392,Petra
393,Sile
394,Beryl
395,Constance
396,Cornelia
397,Ester
398,Eucharia
399,Helga
400,Henrietta
401,Ida
402,Johannah
403,Karan
404,Kathrina
405,Katriona
406,Kevina
407,Laurie
408,Lucille
409,Lynne
410,Martine
411,Myra
412,Rosaline
413,Rosari
414,Roseanne
415,Shiela
416,Terese
417,Thomasina
418,Triona
419,Vera
420,Antionette
421,Bernadine
422,Breege
423,Bridgeen
424,Cecily
425,Eithna
426,Finnola
427,Gilian
428,Gwendolyn
429,Jeane
430,Lavina
431,Madelaine
432,Michella
433,Noelette
434,Yolande
70,Sabrina
87,Jessica
89,Andrea
102,Amy
110,Samantha
119,Lynn
125,Leona
127,Natasha
154,Melanie
157,Kelly
162,Danielle
167,Edwina
171,Leanne
176,Vanessa
179,Karina
189,April
193,Stacey
196,Caoimhe
198,Erica
200,Aishling
207,Lydia
209,Sorcha
211,Karol
214,Arlene
219,Tina
222,Glenda
223,Shauna
226,Leah
227,Joy
229,Cara
232,Dearbhla
235,Kerrie
238,Charlene
243,Shona
244,Serena
251,Lynette
254,Kerry
258,Cheryl
260,Nina
261,Dara
262,Adele
263,Tammy
270,Kathy
272,Zoe
273,Cliodhna
274,Kellie
275,Neasa
279,Davina
283,Patrice
284,Priscilla
285,Katie
288,Simone
289,Julianne
294,Lee
296,Trina
297,Johanne
301,Sue
302,Aimee
303,Muireann
306,Antonia
307,Dervla
308,Treasa
309,Corina
310,Gayle
312,Corinna
313,Katherina
314,Nadia
319,Demelza
320,Sophie
321,Bronagh
323,Colleen
325,Annmarie
328,Sebrina
329,Orlaith
331,Carrie
336,Carina
337,Debbie
338,Leslie
339,Lucinda
340,Nollaig
341,Yvette
342,Joann
343,Leeann
344,Petrina
348,Eadaoin
349,Kiera
351,Judy
352,Cait
353,Gwen
361,Cathrina
363,Erin
365,Aoibheann
366,Doireann
370,Jenny
372,Karla
373,Selina
374,Elva
375,Camilla
376,Anthea
378,Gretta
380,Janine
382,Lynsey
383,Marisa
386,Roslyn
387,Tania
389,Leone
390,Abigail
391,Sophia
392,Lara
393,Laoise
394,Jenna
396,Kirsten
397,Nadine
398,Caragh
399,Blathnaid
400,Elisha
401,Kerri
402,Jemma
403,Elisa
404,Renee
405,Celina
406,Ramona
407,Aveen
412,Kelley
414,Rona
415,Rowena
416,Trudy
417,Marita
418,Treacy
419,Keelin
420,Keira
422,Riona
423,Maebh
426,Jamie
427,Francesca
428,Kiara
429,Jayne
433,Bebhinn
434,Lavinia
435,Lindsey
437,Felicity
439,Bairbre
440,Charmaine
441,Claudine
443,Eavan
447,Jolene
448,Justine
449,Karyn
450,Leann
451,Leigh
452,Lindsay
453,Marilyn
454,Melinda
455,Olwen
456,Paulette
459,Vicki
460,Charleen
461,Corrina
462,Edele
465,Zelda
466,Holly
467,Isabel
469,Jade
470,Elena
472,Lea
473,Kara
474,Annabel
476,Cleo
477,Isla
478,Seana
480,Cassandra
481,Julieanne
482,Ceara
484,Aedin
485,Etain
486,Eugenie
487,Lelia
489,Ide
490,Maxine
491,Vicky
493,Adeline
494,Angelique
497,Beverley
498,Cariosa
499,Edelle
502,Jo
503,Letitia
504,Liza
506,Monique
508,Philippa
509,Selene
510,Taragh
511,Terri
513,Eveleen
514,Kathriona
515,Lenore
516,Marsha
518,Sharlene
519,Shiona
520,Suellen
521,Susann
522,Lauren
523,Saoirse
524,Megan
525,Isabelle
526,Caitlin
527,Sadhbh
529,Faye
530,Michaela
531,Meabh
532,Naoise
533,Hayley
534,Natalia
535,Daisy
536,Emilia
537,Carly
538,Tessa
539,Imogen
540,Annabelle
544,Sian
545,Billie
546,Selena
547,Haley
548,Harriet
550,Kirsty
554,Racheal
556,Astrid
558,Dearbhail
560,Estelle
561,Lyndsey
562,Daire
565,Angeline
566,Anne-Marie
567,Aoifa
568,Berenice
569,Carolynn
570,Cherie
571,Clionadh
572,Coleen
573,Crona
575,Dianne
576,Dymphna
577,Evanne
579,Fleur
582,Hillary
583,Janelle
584,Jenifer
585,Joleen
586,Karena
588,Keara
589,Lauretta
590,Lianne
595,Meave
596,Mona
597,Nathalie
599,Rena
600,Roseann
601,Roseanna
602,Shelley
603,Sonja
605,Aoiffe
606,Breid
607,Caren
608,Catharina
609,Catheriona
610,Cathrine
611,Corinne
612,Davida
613,Elayne
614,Emir
618,Jeannette
619,Joeline
620,Leisa
621,Lyn
622,Maresa
623,Naomh
624,Nathania
626,Norita
627,Oilbhe
628,Richella
629,Rosina
630,Sabrena
631,Sebrena
632,Shiobhan
633,Stacy
634,Terry
8,Chloe
13,Shannon
45,Kayleigh
59,Courtney
68,Robyn
78,Chelsea
79,Molly
84,Alannah
114,Jodie
117,Alana
120,Kelsey
128,Amber
134,Alanna
135,Georgia
140,Nikita
145,Casey
162,Shannen
163,Hollie
170,Alisha
173,Meghan
174,Rebekah
175,Ella
177,Taylor
180,Chantelle
181,Meadhbh
183,Tamara
195,Ashleigh
203,Yasmin
211,Jordan
212,Ava
213,Abbie
214,Katelyn
218,Siofra
230,Dayna
232,Hayleigh
237,Phoebe
248,Enya
253,Lily
254,Zara
255,Jasmine
259,Amie
262,Ellie
274,Alex
275,Tori
276,Aoibhin
281,Jessie
286,Micheala
287,Sasha
288,Toni
291,Kimberley
293,Mia
294,Abby
295,Ali
297,Tiffany
299,Mikaela
301,Cody
303,Ruby
304,Aoibhinn
306,Savannah
307,Sadbh
311,Chelsey
312,Nancy
314,Katy
322,Hailey
325,Beibhinn
328,Keely
329,Rhiannon
333,Aifric
337,Courteney
339,Kirstie
344,Shelly
346,Mollie
347,Rosie
350,Thea
351,Kaitlin
352,Dana
360,Shannan
362,Kayla
364,Freya
365,Sofia
366,Beth
369,Tia
371,Kathlyn
374,Meg
376,Briana
380,Keri
381,Meaghan
388,Ciana
390,Ornaith
391,Shanice
394,Keeva
395,Faith
396,Brianna
400,Ana
402,Demi
403,Yasmine
404,Jasmin
406,Arianna
407,Deirbhile
408,Shonagh
409,Alanah
410,Kayley
413,Iona
416,Kym
417,Larissa
418,Meagan
423,Chantel
425,Cailin
426,Cheyenne
430,Alyson
438,Tiegan
439,Abbey
440,Angel
442,Paige
443,Lia
444,Leila
445,Bethany
446,Tess
447,Caoilinn
450,Caithlin
451,Lauryn
452,Iseult
454,Katelynn
456,Kira
457,Saffron
460,Marissa
461,Romy
463,Codie
467,Chantal
470,Deanna
471,Sibeal
475,Coady
476,Dionne
478,Jennie
480,Kirstin
482,Micaela
483,Nakita
485,Nichole
488,Reece
489,Shantelle
490,Shaunagh
493,Devon
494,Madge
495,Eabha
496,Brooke
497,Layla
500,Tegan
503,Fatima
505,Matilda
507,Poppy
508,Charley
509,Ria
511,Kasey
512,Cadhla
513,Emilie
514,Pia
515,Caoilainn
516,Caoilfhionn
517,Jodi
519,Ayesha
520,Laragh
521,Leanna
528,Leigha
530,Elana
531,Kaylee
532,Kylie
534,Seanna
535,Zahra
537,Ceire
538,Eden
539,Jadine
541,Adina
543,Dearbhaile
548,Blathin
553,Dannielle
554,Dominique
556,Eimhear
559,Kaleigh
561,Kirstyn
562,Kristen
563,Leagh
566,Nicolle
570,Rachelle
572,Deana
573,Saidhbhe
574,Sharleen
576,Aoibhe
577,Maya
578,Cassie
580,Libby
581,Siun
582,Rhianna
584,Keeley
585,Maggie
586,Kyra
587,Shania
588,Lana
589,Lucie
590,Allie
591,Isobelle
592,Sive
593,Greta
594,Mikayla
595,Samara
596,Alexandria
597,Katlyn
600,Ashlee
601,Morgan
603,Hope
604,Klara
605,Polly
606,Aoise
607,Bianca
608,Chiara
609,Fern
610,Tiana
611,Annalise
613,Carley
614,Ceili
615,Elaina
617,Liadh
618,Maud
619,May
620,Abagail
621,Ailise
622,Ailsa
623,Allanah
624,Autumn
626,Kiya
627,Alia
628,Fay
629,Orlaigh
635,Annemarie
636,Blanaid
637,Bronach
638,Bronwen
639,Cameron
641,Ceri
642,Chanice
643,Chantell
644,Chelsie
645,Cloe
648,Derbhla
649,Eilise
650,Ericka
651,Haleigh
653,Jody
655,Kiah
656,Lauran
658,Mickaela
661,Noirin
664,Shanna
667,Stacie
668,Tamika
669,Tirna
671,Yasmeen
672,Zita
673,Danah
675,Dairine
679,Mariosa
682,Meghann
683,Mickella
684,Rayanne
241,Kimberly
332,Kristina
357,Leeanne
372,Anneka
397,Jackie
405,Tracie
439,Liane
449,Heidi
451,Daniella
461,Ann-Marie
476,Joelle
480,Lyndsay
489,Leane
499,Eliza
507,Connie
511,Susannah
512,Amiee
519,Isolde
526,Marlene
528,Marguerita
530,Melisa
534,Alaine
536,Annika
537,Ashton
541,Danika
543,Francine
550,Labhaoise
551,Laurna
552,Leana
562,Roxanne
566,Ailisha
567,Annita
569,Carlyn
570,Charelene
571,Eugenia
575,Kathlene
576,Lynnette
578,Mellissa
579,Patrina
580,Richelle
582,Vickie
105,Abi
107,Millie
115,Mya
137,Lilly
142,Sienna
161,Evie
164,Madison
166,Kaitlyn
181,Kacey
195,Charlie
207,Lola
209,Wiktoria
219,Maja
234,Maia
236,Rosa
237,Oliwia
245,Elsa
247,Gabriela
251,Ally
252,Elle
254,Caitlyn
258,Kyla
261,Aaliyah
269,Aleesha
270,Gabriella
271,Aleksandra
272,Amelie
273,Alyssa
276,Summer
278,Rihanna
282,Aisha
284,Shakira
293,Mischa
295,Emilija
297,Makayla
299,Princess
302,Martyna
304,Teagan
310,Kamile
316,Keisha
318,Aoibh
319,Bonnie
322,Elise
324,Zuzanna
327,Gabija
331,Abbi
333,Mariam
335,Kaci
336,Rianna
345,Karolina
347,Daria
349,Skye
355,Cerys
358,Aibhe
366,Jorja
373,Patrycja
374,Zoey
375,Dominika
378,Blessing
379,Kaylah
381,Gabriele
385,Daniela
386,Roise
391,Ebony
392,Tyra
397,Zofia
399,Ayla
406,Fia
409,Eloise
418,Lillie
425,Farrah
429,Destiny
430,Darcy
431,Keela
432,Alesha
438,Darcey
441,Sarah-Jane
449,Divine
452,Aliyah
453,Aobha
459,Mackenzie
460,Saibh
462,Lilia
464,Lexie
467,Gracie
468,Paulina
470,Alicja
472,Scarlett
480,Breanna
483,Maryam
485,Aya
486,Crystal
487,Hana
488,Paris
489,Abaigh
490,Alise
491,Ariana
492,Caoilfhinn
495,Alina
496,Chanel
497,Realtin
499,Erinn
501,Nikola
502,Laila
503,Rhea
505,Favour
507,Andreea
509,Maisie
512,Zainab
513,Zarah
517,Austeja
518,Esme
520,Kacie
522,Liliana
523,Mercy
525,Teigan
527,Ceola
529,Denisa
531,Alessia
534,Iman
536,Kitty
537,Lainey
538,Lile
542,Bella
543,Liadan
544,Camille
546,Jolie
548,Meadbh
550,Weronika
551,Alexa
556,Marta
557,Willow
559,Adriana
561,Magdalena
562,Precious
563,Samanta
564,Evelina
567,Milena
568,Vanesa
570,Britney
573,Sine
574,Agata
576,Mary Kate
577,Simona
580,Aela
581,Angelica
583,Eireann
584,Eryn
585,Julianna
588,Lina
589,Patricija
590,Shayna
592,Amina
597,Milana
598,Nada
599,Pippa
603,Alli
604,Amal
605,Ayomide
607,Bethan
610,Eirinn
612,Candice
614,Kila
615,Milla
616,Rowan
617,Siomha
619,Viktoria
623,Carys
626,Laiba
627,Latisha
628,Loren
629,Marija
630,Marykate
631,Naima
632,Nisha
633,Rahma
634,Kamila
635,Klaudia
636,Lexi
637,Leyla
640,Chanelle
641,Lacey
643,Angelika
645,Monika
646,Saidbh
647,Alexia
649,Luna
650,Seren
653,Amira
655,Mabel
657,Nevaeh
659,Reese
662,Elizabete
664,Goda
665,Kinga
668,Michaella
669,Nikki
672,Xin
673,Yusra
675,Alva
679,Eliana
680,Emelia
681,Fodhla
683,Jada
684,Jia
686,Lila
691,Rionach
692,Sheana
693,Sheola
695,Yu
697,Alexis
698,Alissa
699,Alix
701,Auguste
702,Belle
705,Kristin
706,Lorena
707,Maddison
709,Aniela
710,Anu
711,Beau
714,Guste
715,Juno
716,Mara
718,Saule
721,Smilte
722,Talia
723,Tamsin
724,Alliyah
725,Arianne
726,Boluwatife
727,Brenna
730,Dani
731,Elysia
732,Faridat
733,Ifeoma
734,Jemima
736,Justyna
737,Katelin
738,Keelan
739,Kelli
740,Ketsia
741,Kodie
745,Mena
746,Nikol
748,Nyah
749,Oluchi
750,Oluwaseyi
752,Peace
753,Reanna
754,Riya
755,Rosin
756,Shantel
757,Shelby
758,Sheree
759,Temitope
761,Valerija
764,India
767,Halle
769,Nia
770,Tianna
771,Winnie
774,Izabella
775,Mary-Kate
777,Ugne
778,Abbigail
779,Aoileann
780,Cayla
781,Cristina
785,Kelsie
786,Kendra
788,Kornelija
789,Mae
790,Mai
791,Miya
793,Saorla
796,Estera
797,Hallie
800,Sarah Jane
802,Tanisha
804,Anais
805,Beata
807,Cate
808,Eire
809,Elisabeth
810,Giulia
813,Izabela
815,Jazmine
816,Kelly-Ann
817,Leia
818,Neha
820,Samira
821,Sefora
822,Tatiana
823,Viktorija
825,Adrianna
826,Adrija
828,Aishah
831,Codi
832,Demi-Leigh
833,Dzesika
834,Isobella
836,Kacy
837,Keva
838,Khadija
839,Lois
841,Maisy
842,Alba
845,Bree
847,Carlie
848,Dina
849,Drew
850,Ella-Mae
851,Frankie
852,Ieva
853,Jocelyn
854,Kaiya
855,Kaylie
856,Lacie
857,Luca
858,Marika
860,Mija
861,Mila
863,Neidin
864,Noinin
865,Rebeca
867,Saidhbh
869,Susie
870,Tierna
871,Tilly
874,Whitney
875,Aibha
876,Aishat
877,Amirat
878,Ana-Maria
879,Anastacia
882,Ann marie
883,Anna-Leigh
885,Aoishe
886,Arina
887,Avah
888,Beatriz
890,Bryanna
891,Ceadaoin
893,Charlize
894,Christabel
896,Clarisse
899,Desiree
902,Ele
904,Eveline
905,Fiana
906,Gwyneth
907,Ilana
908,Ivana
909,Jayden
913,Kady
914,Kaelyn
916,Kaylagh
917,Kaylin
918,Kelly-Anne
919,Kia
921,Kori
924,Li
925,Lilli
928,Maedhbh
931,Mariana
933,Meda
934,Millicent
936,Muirne
937,Nan
938,Nana
940,Olamide
941,Oluwaseyifunmi
942,Onyinyechi
943,Oyinkansola
944,Queen
945,Rawan
946,Rhian
947,Rhiana
948,Rhyanna
949,Rida
950,Rugile
951,Ryanne
952,Sarah-Louise
953,Seoda
956,Shiofra
957,Suzie
958,Yi
9,Fiadh
37,Róisín
48,Éabha
55,Harper
59,Aria
69,Aoibhín
83,Áine
84,Ivy
104,Penny
105,Méabh
127,Síofra
137,Riley
141,Fíadh
150,Siún
155,Lottie
159,Aurora
167,Callie
168,Ayda
169,Darcie
180,Róise
185,Indie
186,Esmé
196,Aoibhínn
197,Ríona
201,Lyla
229,Pola
230,Harley
237,Skyler
247,Bláithín
256,Avery
257,Skylar
258,Sinéad
269,Caitlín
270,Croía
271,Síomha
279,Kaja
280,Emmie
281,Kaia
282,Nova
283,Clíodhna
284,Órlaith
296,Edie
301,Cali
302,Margot
303,Éadaoin
320,Arya
321,Nela
323,Zoë
339,Priya
340,Anaya
341,Órla
358,Aida
366,Marley
368,Eala
385,Kornelia
392,Quinn
393,Darla
394,Gráinne
403,Ema
405,Addison
409,Harlow
410,Khloe
411,Maci
412,Piper
413,Bláthnaid
414,Chloé
415,Clíona
416,Croíadh
417,Roisín
418,Úna
431,Antonina
434,Kaya
437,Elodie
441,Ella-Rose
442,Ellie-Mae
444,Remi
445,Éala
447,Jagoda
461,Myah
471,Bobbi
472,Izzy
473,Aiza
474,Joni
475,Kenzie
476,Leja
477,Lilah
478,Luisa
480,Sydney
481,Valentina
484,Éirinn
485,Nóra
488,Eile
491,Croia
493,Lily Rose
504,Teegan
507,Nelly
509,Iga
510,Michalina
513,Anya
515,Arabella
516,Aurelia
521,Blanka
522,Dakota
523,Emmy
524,Indi
525,Lilianna
526,Marcelina
527,Saorlaith
529,Phoenix
530,Bríd
531,Réiltín
532,Siobhán
553,Milly
558,Lily-Rose
562,Amelija
563,Arwen
565,Liana
566,Macie
567,Reeva
568,Vilte
569,Athena
570,Bella-Rose
571,Brooklyn
572,Haniya
573,Jules
574,Mira
575,Rylee
576,Zoya
577,Esmae
578,Everleigh
579,Everly
580,Bébhinn
581,Béibhinn
582,Eibhlín
583,Éile
584,Fódhla
585,Mairéad
586,Réaltín
587,Seoidín
588,Síle
591,Reiltin
592,Veronika
595,Croiadh
596,Elin
597,Marnie
598,Esmee
599,Indiana
600,Nel
601,Harleigh
614,Alisa
628,Aliya
629,Amna
632,Aliza
635,Matylda
636,Adela
637,Amelia-Rose
638,Bailey
639,Bianka
641,Kendall
642,Maddie
643,Miah
644,Noor
645,Ryleigh
646,Safa
648,Theodora
649,Asma
650,Blake
652,Delilah
653,Emily-Rose
654,Ilinca
655,Manha
656,Marianna
657,Tuiren
658,Aimée
659,Amélie
660,Cáit
661,Íde
662,Reya
671,Carragh
672,Indie-Rose
673,Raisa
674,Lilly-mae
675,Lily-May
676,Eabhaoin
677,Harlee
718,Darci
722,Rebeka
726,Amalia
727,Anastazja
728,Gaia
729,Hailie
730,Luiza
731,Alayna
732,Amirah
733,Averie
736,Caoileann
738,Josie
740,Melania
741,Melody
742,Sofija
743,Syeda
744,Thalia
745,Alya
746,Alyssia
747,Bea
750,Fianna
751,Gia
752,Indianna
753,Layah
754,Liepa
758,Myla
760,Rayna
761,Reina
762,Stevie
763,Teodora
764,Tillie
765,Wren
766,Yara
767,Zaynab
768,Paisley
769,Harlie
770,Wynter
771,Aibhín
772,Ailís
773,Andi
774,Ariyah
775,Caitríona
776,Clódagh
777,Éabhaoin
778,Huda
779,Líadan
780,Ríadh
781,Saoírse
782,Tala
788,Mariah
792,Regan
797,Lidia
798,Ella Rose
799,Gaja
803,Ava-rose
805,Esmay
806,Kyah
807,Faya
835,Noemi
844,Jana
845,Kali
854,Kadie
857,Livia
858,Neala
859,Sofie
860,Anabel
866,Eilidh
867,Ellie-May
868,Elyse
869,Gianna
875,Alaa
877,Andreja
881,Bria
883,Ellie-Mai
884,Evanna
885,Farah
886,Kallie
887,Katarzyna
889,Makenzie
890,Adah
891,Adelina
892,Agatha
894,Amaia
895,Amara
896,Amaya
897,Anabelle
898,Areesha
899,Ariya
904,Dorota
906,Ela
907,Elija
909,Elly
910,Emme
912,Inaya
913,Indy
914,Ines
915,Kourtney
916,Lilly-Rose
917,Lucja
918,Luisne
919,Lyra
920,Macey
921,Manuela
922,Matilde
924,Migle
927,Riah
928,Rozalia
930,Salma
934,Teja
936,Yasmina
937,Abeeha
938,Adalynn
939,Aila
940,Alena
941,Annabella
942,Ariella
943,Arielle
944,Aubrey
946,Aysha
947,Betty
948,Blair
949,Dania
951,Eila
952,Emie
953,Emmeline
955,Fausta
956,Flora
957,Hareem
958,Hiba
960,Indigo
961,Ioana
962,Irina
963,Jayda
964,Jayde
967,Kailey
969,Kassie
971,Leen
972,Lilien
973,Lilyanna
974,Liv
975,Luciana
976,Maiya
978,Mckenzie
979,Meadow
980,Mia-Rose
981,Montana
983,Nella
985,Nicoleta
986,Pennie
989,Riadh
990,Scarlet
992,Stefania
994,Theia
995,Viola
996,Yvie
997,Bowie
998,Eiva
999,Vayda
1000,Aylin
1001,Harlyn
1002,Haya
1003,Jessa
1004,Nola
1005,Ruby-Rose
1006,Vada
1007,Vaida
1008,Aarya
1009,Aodha
1010,Ayat
1011,Danú
1012,Éilis
1013,Éinín
1014,Esmée
1015,Hailee
1016,Júlia
1017,Lylah
1018,Máire
1019,Mirha
1020,Nainsí
1021,Neveah
1022,Réidín
1023,Ríonach
1024,Roísín
1025,Rua
1026,Seána
1027,Storm
1028,Willa
1029,Zuri
1038,Isabell
1041,Jess
1046,Kianna
1053,Elissa
1054,Emmanuella
1061,Tabitha
1063,Alessandra
1064,Ameila
1066,Caela
1067,Charli
1072,Amelia-Mae
1073,Anisha
1074,Anna-May
1075,Barbora
1077,Cheyanne
1079,Eliska
1080,Ella-May
1081,Feile
1082,Hafsa
1085,Laina
1086,Lilla
1087,Liwia
1088,Liz
1090,Maira
1091,Malak
1093,Peyton
1094,Quin
1096,Seoidin
1097,Seona
1098,Soraya
1099,Sylvie
1100,Tola
1102,Aibhilin
1103,Andra
1104,Aukse
1105,Ayra
1106,Beatrix
1108,Chioma
1109,Cindyanna
1110,Clementine
1113,Eibhlinn
1114,Estela
1116,Fatimah
1121,Krystal
1123,Lilly may
1124,Lillyanna
1125,Lilly-May
1126,Lily Ann
1129,Maryann
1130,Mary-Jane
1131,Medb
1132,Misha
1133,Myia
1134,Ola
1136,Peggy
1137,Pheobe
1138,Radha
1139,Rania
1140,Realta
1141,Reyna
1142,Rhia
1143,Sana
1144,Santanna
1145,Sintija
1146,Tasnim
1147,Tereza
1150,Zena
1151,Cataleya
1152,Aairah
1153,Abbie-Mae
1154,Adria
1155,Afnan
1156,Alejandra
1157,Alianna
1158,Aly
1159,Areeba
1160,Camellia
1161,Daimhin
1162,Daisie
1163,Darcy-Rose
1164,Eibhleann
1165,Eily
1166,Ellie Mai
1167,Esmai
1168,Evie-Rose
1169,Finley
1170,Freya-Rose
1171,Hadassa
1172,Haneen
1173,Harli
1174,Harmony
1175,Harper-Rose
1176,Izabell
1177,Karleigh
1178,Keavy
1179,Kyara
1180,Lailah
1181,Layla-Mae
1182,Lillah
1183,Margarida
1184,Mary-Ellen
1185,Mayah
1186,McKenna
1187,Raegan
1188,Ros
1189,Ruby-Leigh
1190,Saileog
1191,Sena
1192,Siya
1193,Venice
1194,Winter
1195,Ziva
1241,Aleena
1242,Fearne
1243,Hania
1247,Lili
1256,Roksana
1257,Savanna
1259,Alesia
1262,Ella-Mai
1263,Emile
1265,Evangeline
1266,Kaydee
1267,Keita
1270,Adelaide
1271,Aibhlinn
1272,Aleksa
1273,Aubree
1274,Celia
1276,Charlee
1277,Elia
1278,Ella May
1279,Emi
1280,Georgie
1281,Haylee
1282,Isabela
1283,Izabel
1284,Karlie
1285,Leena
1286,Lily Mae
1287,Lily-Mae
1288,Lizzie
1289,Luka
1290,Macy
1292,Mary Jane
1294,Perla
1295,Pixie
1296,Reagan
1297,Rosalie
1298,Rubi
1300,Sianna
1301,Siena
1305,Urszula
1306,Urte
1307,Yana
1308,Agnieszka
1309,Andie
1310,Ariah
1311,Arwa
1312,Asiya
1313,Beaux
1314,Bo
1315,Bobbie
1316,Cassia
1317,Charleigh
1318,Cici
1319,Dahlia
1320,Danni
1322,Eleni
1323,Ellis
1324,Elora
1325,Emaan
1326,Emanuela
1327,Emmi
1328,Evana
1329,Fraya
1330,Freyja
1331,Giovanna
1333,Halima
1334,Inez
1337,Jesse
1340,Kiyah
1341,Leya
1342,Lua
1343,Lukne
1345,Maisey
1346,Melina
1347,Melita
1348,Milan
1349,Mina
1350,Miracle
1351,Miranda
1352,Miruna
1353,Molly-Rose
1356,Nour
1358,Ophelia
1360,Polina
1361,Rahela
1362,Rana
1365,Roza
1366,Salome
1367,Santana
1370,Sierra
1371,Sky
1372,Stela
1373,Tessie
1374,Joanie
1375,Romi
1376,Dubheasa
1377,Khaleesi
1378,Lorelei
1379,Marlie
1380,Safiya
1381,Aizah
1382,Elara
1383,Hoorain
1384,Naya
1385,River
1386,Aodhla
1387,Essie
1388,Sloane
1389,Aayat
1390,Aída
1391,Aline
1392,Amber-Rose
1393,Anisia
1394,Antonella
1395,Ayaat
1396,Brídín
1397,Brónagh
1398,Caia
1399,Calla
1400,Cialadh
1401,Córa
1402,Eilís
1403,Elene
1404,Elisse
1405,Elouise
1406,Erín
1407,Erris
1408,Eveanna
1409,Evelin
1410,Fódla
1411,Haylie
1412,Heba
1413,Irha
1414,Isla-Mae
1415,Israa
1416,Joana
1417,Léa
1418,Léna
1419,Libbie
1420,Lilith
1421,Margaux
1422,Micha
1423,Neva
1424,Neve
1425,Niya
1426,Nyla
1427,Peaches
1428,Shifa
1429,Shóna
1430,Sibéal
1431,Sienna-Rose
1432,Sophia-Rose
1433,Xenia
1434,Zahraa
0,John
1,Patrick
2,Michael
3,Paul
4,James
5,Thomas
6,David
7,William
8,Martin
9,Gerard
10,Joseph
11,Anthony
12,Peter
13,Brian
14,Kevin
15,Francis
16,Brendan
17,Edward
18,Daniel
19,Noel
20,Denis
21,Robert
22,Declan
23,Richard
24,Stephen
25,Timothy
26,Christopher
27,Mark
28,Alan
29,Raymond
30,Derek
31,Kieran
32,Bernard
33,Andrew
34,Dermot
35,Philip
36,Aidan
37,Sean
38,Jeremiah
39,Cornelius
40,Kenneth
41,Vincent
42,Charles
43,Desmond
44,Colm
45,Donal
46,Niall
47,Laurence
48,Ciaran
49,Eugene
50,Maurice
51,George
52,Hugh
53,Liam
54,Terence
55,Conor
56,Gerald
57,Nicholas
58,Matthew
59,Seamus
60,Henry
61,Ian
62,Eamon
63,Eamonn
64,Adrian
65,Fergus
66,Ronan
67,Oliver
68,Barry
69,Finbarr
70,Owen
71,Gabriel
72,Rory
73,Damian
74,Shane
75,Damien
76,Enda
77,Gregory
78,Garrett
79,Edmond
80,Bartholomew
81,Neil
82,Eoin
83,Gary
84,Dominic
85,Karl
86,Cormac
87,Padraig
88,Colin
89,Ronald
90,Simon
91,Leslie
92,Fergal
93,Eric
94,Aiden
95,Cathal
96,Keith
97,Arthur
98,Nigel
99,Fintan
100,Leo
101,Albert
102,Trevor
103,Donald
104,Luke
105,Frederick
106,Edmund
107,Finbar
108,Diarmuid
109,Myles
110,Dominick
111,Walter
112,Roger
113,Austin
114,Garry
115,Alexander
116,Cyril
117,Pascal
118,Samuel
119,Victor
120,Colum
121,Jerome
122,Lawrence
123,Paschal
124,Jonathan
125,Hubert
126,Leonard
127,Colman
128,Graham
129,Malachy
130,Gordon
131,Mel
132,Nial
133,Alfred
134,Norman
135,Marcus
136,Phillip
137,Mervyn
138,Benjamin
139,Louis
140,Justin
141,Jarlath
142,Malcolm
143,Valentine
144,Mathew
145,Columba
146,Lorcan
147,Ivan
148,Carl
149,Allan
150,Manus
151,Geoffrey
152,Harold
153,Clive
154,Dara
155,Pierce
156,Morgan
157,Finian
158,Kiernan
159,Benedict
160,Alphonsus
161,Ambrose
162,Augustine
163,Eoghan
164,Gearoid
165,Donagh
166,Felix
167,Frank
168,Stuart
169,Phelim
170,Allen
171,Andrea
172,Clement
173,Coleman
174,Bryan
175,Glenn
176,Jeffrey
177,Douglas
178,Derick
179,Herbert
180,Tomas
181,Daragh
182,Roy
183,Ultan
184,Conrad
185,Ernest
186,Eunan
187,Gerrard
188,Roderick
189,Sylvester
190,Ross
191,Senan
192,Daire
193,Julian
194,Dennis
195,Aodh
196,Feargal
197,Ignatius
198,Neill
199,Neville
200,Redmond
201,Stewart
202,Columbanus
203,Killian
204,Conal
205,Padraic
206,Neal
207,Aengus
208,Bruce
209,Macdara
210,Humphrey
211,Roland
212,Sharan
213,Craig
214,Marco
215,Warren
216,Edwin
217,Gareth
218,Theodore
219,Russell
220,Seosamh
221,Ralph
222,Stanley
223,Arnold
224,Cieran
225,Conleth
226,Flannan
227,Ivor
228,Mortimer
229,Fidelis
230,Michale
231,Oisin
232,Gavin
233,Isaac
234,Tiernan
235,Steven
236,Glen
237,Wayne
238,Mario
239,Daryl
240,Felim
241,Kyran
242,Angus
243,Fearghal
244,Lorenzo
245,Tadg
246,Basil
247,Connell
248,Fiach
249,Finnian
250,Canice
251,Matthias
252,Dermott
253,Derrick
254,Fachtna
255,Garett
256,Gilbert
257,Howard
258,Keiran
259,Criona
260,Dudley
261,Fiacre
262,Jermiah
263,Keirn
264,Nigil
265,Rodney
266,Stanislaus
267,Willaim
28,Jason
34,Darren
74,Karol
78,Darragh
102,Cian
103,Aaron
105,Adam
107,Emmet
112,Lee
117,Wesley
119,Ruairi
122,Shaun
129,Garreth
130,Micheal
139,Dean
140,Darran
142,Leon
144,Marc
146,Jamie
147,Tristan
151,Tadhg
152,Scott
156,Garret
157,Christian
160,Emmett
161,Connor
162,Fiachra
165,Evan
168,Jeremy
171,Cillian
175,Dylan
176,Pearse
177,Ruaidhri
188,Don
189,Graeme
200,Clifford
201,Gordan
202,Ryan
203,Pauric
206,Paraic
210,Donnacha
211,Jude
212,Donncha
214,Tony
217,Rowan
218,Donnchadh
220,Peadar
221,Terry
223,Lloyd
226,Padraigh
227,Harry
228,Nathan
233,Iain
234,Clinton
235,Dwayne
238,Aonghus
242,Padhraic
244,Ben
246,Hugo
247,Leigh
252,Alistair
254,Rodger
255,Florence
256,Jack
257,Odhran
258,Tadgh
260,Stefan
261,Johnathan
262,Robin
263,Kristian
264,Garvan
265,Gavan
266,Johann
267,Clint
269,Jan
271,Davin
272,Kealan
273,Caoimhin
274,Fionan
275,Turlough
276,Diarmaid
277,Kilian
279,Domhnall
280,Roberto
281,Jon
286,Steve
289,Miceal
290,Grahame
291,Alex
292,Danny
293,Conall
294,Travis
295,Aodhan
296,Conan
297,Rossa
298,Gerry
299,Arran
300,Dane
301,Jody
302,Arron
305,Alec
308,Aubrey
309,Cecil
311,Elton
313,Gene
315,Piaras
316,Pio
318,Stephan
319,Cronan
320,Daren
321,Lester
322,Padhraig
323,Lucas
324,Sebastian
325,Eanna
326,Jordan
327,Troy
328,Zachary
329,Aran
330,Erik
331,Jim
332,Kelvin
333,Cristian
334,Jimmy
335,Leighton
336,Raphael
337,Alvin
338,Norbert
339,Pearce
341,Dale
342,Eoghain
343,Evin
344,Muiris
345,Alastair
347,Jean
348,Ashley
351,Brien
352,Camillus
354,Colmcille
355,Darrell
356,Dereck
357,Duncan
358,Errol
360,Melvin
362,Ros
363,Stan
364,Vernon
365,Alasdair
366,Aongus
367,Carroll
368,Darin
369,Darron
370,Dawn
371,Donall
372,Dwain
373,Dwane
374,Earl
375,Lyndon
376,Mac
377,Martyn
378,Nessan
379,Niel
380,Pauraic
381,Ricahrd
382,Seoirse
56,Joshua
57,Kyle
63,Jake
69,Brandon
85,Dillon
98,Fionn
115,Calvin
116,Ethan
121,Corey
126,Caolan
128,Sam
136,Callum
137,Keelan
138,Josh
139,Tom
148,Reece
156,Cameron
166,Curtis
173,Charlie
174,Rian
177,Billy
183,Jacob
184,Caleb
188,Rhys
189,Oran
190,Lewis
191,Bradley
195,Calum
203,Aron
205,Brad
206,Jonathon
208,Finn
212,Shay
213,Tiarnan
218,Ricky
221,Jeff
223,Noah
224,Max
225,Joe
226,Tommy
232,Hayden
239,Darryl
242,Muhammad
249,Greg
250,Blake
251,Jesse
253,Shea
255,Kane
258,Keane
260,Oscar
261,Bobby
262,Tyler
263,Cody
264,Paddy
265,Taylor
266,Ferdia
267,Robbie
269,Bill
274,Cal
275,Syed
277,Eimhin
280,Dayle
282,Omar
285,Mohammad
286,Conn
288,Zak
289,Mohammed
292,Cory
293,Dion
294,Damon
295,Anton
300,Kieron
303,Theo
304,Joel
306,Ali
307,Naoise
308,Johnny
309,Elliott
310,Nicolas
312,Derry
317,Andy
321,Kelan
324,Kurt
325,Tyrone
327,Calem
333,Coilin
335,Jordon
336,Daithi
337,Jay
339,Logan
340,Elliot
341,Toby
342,Emmanuel
343,Jonah
344,Ruadhan
345,Olan
346,Tim
347,Cuan
348,Devin
350,Antonio
351,Fabian
353,Brion
354,Casey
356,Byron
358,Cain
359,Cullen
361,Kallum
362,Kalvin
365,Taidgh
369,Barra
370,Dylon
372,Jessie
373,Caomhan
374,Faolan
376,Ruari
378,Dillion
379,Jules
381,Kian
382,Zach
383,Luca
385,Reuben
387,Kai
388,Clayton
390,Ahmed
391,Milo
392,Andre
393,Cole
394,Feidhlim
398,Kalem
399,Luc
400,Chris
405,Sami
406,Aedan
409,Tariq
410,Blaine
411,Caimin
412,Dillan
413,Eden
414,Khalid
415,Lachlan
419,Ciarain
421,Culann
422,Danial
425,Pat
427,Breen
428,Caelum
429,Cein
431,Deane
432,Glynn
433,Johnathon
434,Kenny
436,Mitchell
439,Tylor
440,Antoine
441,Callaghan
444,Eibhin
445,Kaylen
446,Odhean
220,Mohamed
243,Levi
250,Mairtin
265,Kris
282,Dan
287,Tobias
301,Darra
307,Duane
308,Jeffery
317,Kristopher
335,Louie
340,Maxwell
343,Con
344,Jayson
345,Aodan
348,Dallan
352,Dayne
354,Abraham
357,Manuel
358,Dario
363,Imran
364,Lance
366,Riccardo
367,Ruarc
368,Blain
369,Domhnaill
371,Dwaine
372,Garath
373,Kirk
374,Shamus
375,Sheamus
133,Jakub
151,Shayne
155,Euan
168,Ewan
180,Zack
188,Roan
197,Alfie
199,Oskar
202,Filip
203,Lennon
206,Lukas
210,Patryk
214,Joey
215,Fionnan
221,Kacper
222,Szymon
231,Mateusz
232,Riain
236,Bailey
237,Nikita
246,Jayden
247,Dawid
249,Luka
250,Will
251,Preston
252,Ashton
256,Dominik
262,Harrison
265,Maximilian
266,Eli
271,Matas
282,Bartosz
283,Michal
286,Elijah
291,Nathaniel
293,Flynn
294,Brooklyn
295,Mikey
296,Prince
298,Jerry
299,Ruben
302,Caelan
307,Eddie
312,Keelin
318,Lochlann
322,Abdullah
327,Devon
329,Artur
331,Divine
333,Mikolaj
334,Kamil
336,Maksymilian
337,Alexandru
339,Maxim
342,Saul
345,Archie
347,Fred
351,Rohan
352,Finley
353,Olivier
356,Harvey
363,Finnan
370,Jared
371,Matt
373,Regan
375,Denzel
376,Ellis
383,Antoni
385,Sonny
386,Igor
387,Diego
389,Krystian
390,Nojus
393,Deividas
398,Darius
400,Rayan
401,Xavier
402,Abdul
403,Cayden
404,Jaden
408,Samson
409,Seth
410,Taha
412,Iarla
413,John Paul
415,Paidi
417,Hughie
419,Jacques
422,Zac
425,Freddie
426,Ibrahim
427,Kajus
429,Aleksander
432,Briain
434,Maksim
436,Emil
437,Hamza
439,Kayden
440,Oliwier
441,Sean Og
445,Krzysztof
447,Yu
449,Caden
453,Art
456,Keenan
459,Callan
460,Danielius
461,Elias
465,Konrad
466,Milan
467,Nedas
468,Niks
469,Rafael
471,Cael
473,Emanuel
474,Kevinas
476,Timmy
477,Tommie
478,Andrius
479,Favour
480,Jasper
481,Romeo
483,John-Paul
484,Mahad
487,Oluwatobi
488,T.J.
489,Vlad
490,Willie
491,Camryn
493,Mason
494,Maciej
495,Marcel
496,Pawel
498,Finlay
499,Riley
501,Andrei
503,Leonardo
504,Markuss
505,Ted
506,Zachariah
507,Frankie
510,Mike
511,Natan
513,Kaylem
515,Pedro
516,Carlos
518,Jackson
519,Luan
520,Matteo
522,Tyrese
525,Amir
526,Arturs
530,Hassan
531,Kaleb
532,Praise
535,Axel
537,Bruno
538,Cahir
539,Chulainn
545,Maitiu
546,Malik
551,Theodor
554,Zane
555,Amos
556,Aronas
557,Caiden
558,Cailean
560,Cianan
562,Elvis
565,Ilya
567,Che
569,Gustas
570,Iarlaith
572,Maddox
573,Moses
574,Nelson
575,Rueben
576,Samir
578,Youcef
579,Coady
583,Marvin
584,Mathieu
585,Mikie
586,Pablo
587,Quentin
588,Setanta
589,Timur
590,Adriano
591,Georgie
592,Henri
593,Mubarak
594,Somtochukwu
595,Nikodem
599,Abel
600,Piotr
601,Roman
602,Arnas
603,Cailum
605,Jonas
606,Larry
607,Daniels
608,Emilis
609,Enoch
610,Kalum
612,Solomon
613,Airidas
614,Brady
615,Caolain
616,Christy
618,Finan
620,Nicky
623,Raul
624,Rio
625,Simeon
628,Amin
629,Beniamin
630,Collins
631,Darcy
632,Destiny
634,Geordan
635,Joao
636,Kailum
637,Kean
638,Kehinde
642,Lincoln
643,Lochlainn
644,Orin
645,Paulius
646,Pavel
647,Precious
648,Rehan
649,Saad
650,Vladislav
651,Wisdom
652,Alejandro
653,Aleksandr
655,Anand
656,Barney
659,Codey
661,Danann
662,Elisei
665,Andres
667,Brodie
668,Casper
669,Edvinas
671,Ksawery
672,Nikolas
673,Omer
674,Phoenix
677,Umar
678,Alberto
679,Albin
680,Alin
681,Antony
682,Bryn
683,Carraig
687,Conaill
688,Deacon
690,Edgar
691,Fawaz
693,Hamish
694,Haroldas
695,Idris
696,Ilias
697,Ismail
698,Kaelum
699,Karolis
700,Lauris
701,Lughaidh
702,Marley
703,Nico
704,Oluwafemi
705,Oluwaseyi
706,Oluwasijibomi
707,Osgar
708,Ricards
709,Sol
710,Taiwo
711,Vince
712,Yahya
714,Darwin
715,Gian
716,Jericho
717,Kalel
718,Kristof
719,Mahmud
720,Mohd
721,Xin
722,Tynan
723,Bright
724,Cale
725,Finnin
12,Seán
14,Oisín
32,Rían
41,Ollie
89,Tomás
103,Jaxon
107,Hunter
108,Brody
112,Arlo
114,Ruairí
117,Ciarán
120,Daithí
129,Dáithí
139,Éanna
140,Odhrán
142,Cooper
154,Teddy
155,Páidí
157,Ezra
178,Séan
183,Carter
184,Dáire
185,Pádraig
193,Gearóid
198,Séamus
202,Ned
203,Ruadhán
212,Keegan
221,Parker
222,Mícheál
227,Carson
228,Kaiden
229,Aodhán
236,Harley
237,Tymon
241,Beau
242,Tiarnán
254,Matei
255,Grayson
258,Jaxson
259,Mateo
260,Caolán
266,Bodhi
267,Zayn
280,Franciszek
281,Cuán
289,Seán Óg
303,Tymoteusz
310,Rocco
312,Ajay
315,Jace
316,Micheál
325,Olly
326,Beauden
327,Dónal
338,Quinn
341,Miles
343,Ignacy
344,Eóghan
345,Fionnán
346,Ódhran
347,Óran
348,Sé
359,Maximus
364,Hudson
366,Reggie
367,Rónán
389,Brayden
391,Freddy
392,Braxton
394,Mylo
396,Jayce
397,Eóin
398,Lorcán
399,Páraic
423,Xander
425,Brogan
426,Rua
427,Remy
428,Santiago
429,Cían
430,Fíonn
431,Kyren
432,Séimí
433,Shéa
443,Wiktor
448,Stanislaw
449,Ahmad
450,Kuba
451,Aryan
452,Kylan
455,Isaiah
456,Kade
458,Ruan
460,Dawson
461,Bowie
462,Enzo
463,Fletcher
464,Kody
465,Lochlan
466,Tobiasz
467,Koa
468,Bryson
469,Kit
488,Miguel
490,Eryk
491,Ayaan
495,Eduard
497,Mustafa
501,Dovydas
503,Kyron
505,Lucca
507,Borys
509,Lenny
511,Odin
512,Albie
513,Avery
514,Ruadh
515,Cadán
516,Faolán
517,Ruán
518,Senán
532,Lukasz
537,Drew
538,Malachi
545,Lennox
546,Leroy
551,Torin
552,Adrians
554,Aarav
558,Jenson
559,Paudie
560,Rogan
562,Azlan
563,Junior
565,Otto
566,Francisco
567,Michéal
568,Niko
569,Pádraic
570,Ríain
586,Olaf
588,Kaden
592,Alessandro
594,Cohen
598,Kaylum
599,Micah
601,Tajus
602,Yusuf
604,Arman
605,Asher
607,Harris
608,Ailbe
609,Coby
610,Francie
611,Koby
612,Layton
614,Maison
615,Rares
616,Griffin
617,Kobi
618,Rico
619,Arham
620,Thiago
621,Stevie
622,Azaan
623,Brían
624,Caoimhín
625,Cillían
626,Finnán
627,Fionán
628,Léo
629,Óisín
630,Rónan
631,Tádgh
632,Théo
633,Ultán
642,Alexandre
647,Benas
651,Dominykas
652,Thady
653,Aleks
659,Fahad
661,Jaiden
665,Johan
666,Keagan
669,Quin
670,Tiago
674,Arminas
675,Bernie
677,Dante
679,Issac
680,Ayden
682,Chase
683,Colton
684,Darach
685,Haris
686,Jokubas
687,Kirill
688,Mannix
689,Markas
690,Matej
691,Moise
694,Rex
695,Rodrigo
696,Rupert
697,Rylee
698,Seanie
699,Sonnie
700,Teo
701,Yannis
702,Zain
703,Arijus
704,Aydin
705,Ayman
706,Benny
707,Bogdan
708,Cruz
709,Dualta
712,Herkus
713,Kingsley
714,Kodi
715,Majus
716,Musa
717,Rayyan
718,Ronnie
719,Teodor
720,Tudor
721,Vladimir
723,Olivers
724,Ianis
725,Kal
726,Karter
727,Kobe
728,Jad
729,CJ
730,Breandán
731,Conán
732,Cúan
733,Greyson
734,Harlyn
735,Heitor
736,Jaxen
737,Léon
738,Lúan
739,Lúcás
740,Nicolás
741,Reilly
742,Reyansh
743,Rí
744,Séadna
745,Séamie
746,Sunny
747,Yaroslav
756,Rokas
757,Tomasz
758,Bartlomiej
759,Charley
762,Wojciech
768,Armandas
771,Fynn
778,Stanislav
779,Wyatt
780,Francesco
781,Guy
782,Juan
783,Milosz
784,Reese
785,Remi
786,Sammy
791,Zayd
793,Avram
794,Blaise
795,Dave
796,Dexter
797,Enrique
798,Hadi
799,Jakob
800,Jamal
801,Abdulrahman
802,Aden
803,Alessio
805,Bobbie
806,Domas
807,Dorian
809,Evanas
811,Hector
812,Kristupas
814,Rafal
815,Ray
817,Sorin
819,Youssef
820,Zaid
821,Abdallah
822,Amar
824,Dilan
825,Haider
826,Hashim
827,Hussain
828,Iarfhlaith
829,Ibraheem
832,Josiah
833,Jozef
834,Kaelan
835,Kareem
836,Karson
839,Marius
840,Matias
841,Mattia
842,Mattie
843,Maverick
844,Md
846,Mohamad
847,Nate
849,Pete
850,Qasim
851,Ralfs
853,Rene
855,Ryleigh
856,Tadeusz
857,Timotei
858,Yanis
859,Zander
860,Zion
862,Archer
863,Coen
864,Jordi
865,Kayson
866,Mieszko
867,Vihaan
868,Alby
869,Colby
870,Connla
871,Emir
872,Harlow
873,Kendrick
874,Otis
875,Tyson
876,Valentino
877,Ari
878,Henryk
879,Silas
880,Ajus
881,Kason
882,Kiaan
883,Abdul-Raheem
884,Advik
885,Advit
886,Aleksej
887,Aodán
888,Áron
889,Arvin
890,Ashar
891,Atharv
892,Bernardo
893,Bradán
894,Cadáin
895,Cade
896,Cathal Óg
897,Clay
898,Cóilín
899,Croí
900,Éamonn
901,Emerson
902,Hamdan
903,Huzaifa
904,Íarla
905,Ilyas
906,Jase
907,Jun Hao
908,Kaeden
909,Kaiser
910,Kaizer
911,Koda
912,Konstantinos
913,Lex
914,Liam Óg
915,Máirtín
916,Maitiú
917,Oísin
918,Ólan
919,Petar
920,Quinton
921,Raheem
922,Rohaan
923,Seánie
924,Sionnach
925,Sudais
926,Tarek
927,Thomás
928,Viaan
929,Younis
930,Zente
